{
    "isolatorweg": [0.65, 0.15],
    "sloterdijk": [0.16666, 0.55],
    "de-vlugtlaan": [0.16666, 1.25],
    "jan-van-galenstraat": [0.16666, 1.75],
    "postjesweg": [0.16666, 2.25],
    "lelylaan": [0.16666, 2.75],
    "heemstedestraat": [0.16666, 3.25],
    "henk-sneevlietweg": [0.16666, 3.65],
    "amstelveenseweg": [0.7, 4.2],
    "zuid": [1.85, 4.2],
    "rai": [2.75, 4.4   ],
    "overamstel": [3.75, 4.5],
    "van-der-madeweg": [4.8, 4.8],
    "duivendrecht": [5.0356, 5.1664],
    "strandvliet": [5.3213, 5.6247],
    "bijlmer-arena": [5.607, 6.083],
    "bullewijk": [5.8927, 6.5413],
    "holendrecht": [6.1784, 6.9996],
    "reigersbos": [6.5, 7.25],
    "gein": [7, 7.25],
 
    "noord": [3.5, 0],
    "noorderpark": [3.25, 0.5],
    "centraal-station": [2.75, 1.5],
    "rokin": [2.35, 2],
    "vijzelgracht": [2.35, 2.5],
    "de-pijp": [2.35, 3],
    "europaplein": [2.35, 3.5],
    "nieuwmarkt": [3.0357, 1.9583],
    "waterlooplein": [3.3214, 2.4166],
    "weesperplein": [3.6071, 2.8749],
    "wibautstraat": [3.8928, 3.3332],
    "amstel": [4.1785, 3.7915],
 
    "spaklerweg": [4.3, 4],
 
    "veensepolder": [5.5, 5],
    "diemen-zuid": [6, 5],
    "verrijn-stuartweg": [6.2857, 5.2583],
    "ganzenhoef": [6.5714, 5.7166],
    "kraaiennest": [6.8571, 6.1749],
    "gaasperplas": [7.1428, 6.6332]
 }
 